"trainer/global_step","for-instance - _step","for-instance - _step__MIN","for-instance - _step__MAX","for-instance - val/total/instance_detection_f1_score","for-instance - val/total/instance_detection_f1_score__MIN","for-instance - val/total/instance_detection_f1_score__MAX"
"13","38","38","38","0","0","0"
"27","77","77","77","0","0","0"
"41","116","116","116","0.1145833358168602","0.1145833358168602","0.1145833358168602"
"55","155","155","155","0.10795454680919647","0.10795454680919647","0.10795454680919647"
"69","194","194","194","0.09189189225435257","0.09189189225435257","0.09189189225435257"
"83","233","233","233","0.10052909702062607","0.10052909702062607","0.10052909702062607"
"97","272","272","272","0.1387283205986023","0.1387283205986023","0.1387283205986023"
"111","311","311","311","0.07580175250768661","0.07580175250768661","0.07580175250768661"
"125","350","350","350","0.12034384161233902","0.12034384161233902","0.12034384161233902"
"139","389","389","389","0.1166180744767189","0.1166180744767189","0.1166180744767189"
"153","428","428","428","0.11527377367019653","0.11527377367019653","0.11527377367019653"
"167","467","467","467","0.09600000083446503","0.09600000083446503","0.09600000083446503"
"181","506","506","506","0.10169491171836853","0.10169491171836853","0.10169491171836853"
"195","545","545","545","0.14035087823867798","0.14035087823867798","0.14035087823867798"
"209","584","584","584","0.1542857140302658","0.1542857140302658","0.1542857140302658"
"223","623","623","623","0.1428571492433548","0.1428571492433548","0.1428571492433548"
"237","662","662","662","0.05187319964170456","0.05187319964170456","0.05187319964170456"
"251","701","701","701","0.20930232107639313","0.20930232107639313","0.20930232107639313"
"265","740","740","740","0.1425178200006485","0.1425178200006485","0.1425178200006485"
"279","779","779","779","0.19354838132858276","0.19354838132858276","0.19354838132858276"
"293","818","818","818","0.20325203239917755","0.20325203239917755","0.20325203239917755"
"307","857","857","857","0.298288494348526","0.298288494348526","0.298288494348526"
"321","896","896","896","0.20796459913253784","0.20796459913253784","0.20796459913253784"
"335","935","935","935","0.22589531540870667","0.22589531540870667","0.22589531540870667"
"349","974","974","974","0.3004694879055023","0.3004694879055023","0.3004694879055023"
"363","1013","1013","1013","0.3080808222293854","0.3080808222293854","0.3080808222293854"
"377","1052","1052","1052","0.3298429250717163","0.3298429250717163","0.3298429250717163"
"391","1091","1091","1091","0.2517814636230469","0.2517814636230469","0.2517814636230469"
"405","1130","1130","1130","0.3086680769920349","0.3086680769920349","0.3086680769920349"
"419","1169","1169","1169","0.30985915660858154","0.30985915660858154","0.30985915660858154"
"433","1208","1208","1208","0.31100478768348694","0.31100478768348694","0.31100478768348694"
"447","1247","1247","1247","0.2973760962486267","0.2973760962486267","0.2973760962486267"
"461","1286","1286","1286","0.356589138507843","0.356589138507843","0.356589138507843"
"475","1325","1325","1325","0.3220779299736023","0.3220779299736023","0.3220779299736023"
"489","1364","1364","1364","0.3661327362060547","0.3661327362060547","0.3661327362060547"
"503","1403","1403","1403","0.27860695123672485","0.27860695123672485","0.27860695123672485"
"517","1442","1442","1442","0.3283582031726837","0.3283582031726837","0.3283582031726837"
"531","1481","1481","1481","0.24295011162757874","0.24295011162757874","0.24295011162757874"
"545","1520","1520","1520","0.2573363482952118","0.2573363482952118","0.2573363482952118"
"559","1559","1559","1559","0.3192904591560364","0.3192904591560364","0.3192904591560364"
"573","1598","1598","1598","0.4362744987010956","0.4362744987010956","0.4362744987010956"
"587","1637","1637","1637","0.3910891115665436","0.3910891115665436","0.3910891115665436"
"601","1676","1676","1676","0.3777777850627899","0.3777777850627899","0.3777777850627899"
"615","1715","1715","1715","0.4207792282104492","0.4207792282104492","0.4207792282104492"
"629","1754","1754","1754","0.3138173222541809","0.3138173222541809","0.3138173222541809"
"643","1793","1793","1793","0.3644859790802002","0.3644859790802002","0.3644859790802002"
"657","1832","1832","1832","0.4030226767063141","0.4030226767063141","0.4030226767063141"
"671","1871","1871","1871","0.4038461446762085","0.4038461446762085","0.4038461446762085"
"685","1910","1910","1910","0.4188235402107239","0.4188235402107239","0.4188235402107239"
"699","1949","1949","1949","0.41474655270576477","0.41474655270576477","0.41474655270576477"
"713","1988","1988","1988","0.3731343150138855","0.3731343150138855","0.3731343150138855"
"727","2027","2027","2027","0.43410852551460266","0.43410852551460266","0.43410852551460266"
"741","2066","2066","2066","0.44717445969581604","0.44717445969581604","0.44717445969581604"
"755","2105","2105","2105","0.4307692348957062","0.4307692348957062","0.4307692348957062"
"769","2144","2144","2144","0.46650123596191406","0.46650123596191406","0.46650123596191406"
"783","2183","2183","2183","0.39101123809814453","0.39101123809814453","0.39101123809814453"
"797","2222","2222","2222","0.46113988757133484","0.46113988757133484","0.46113988757133484"
"811","2261","2261","2261","0.42369019985198975","0.42369019985198975","0.42369019985198975"
"825","2300","2300","2300","0.4104803502559662","0.4104803502559662","0.4104803502559662"
"839","2339","2339","2339","0.46464645862579346","0.46464645862579346","0.46464645862579346"
"853","2378","2378","2378","0.4661654233932495","0.4661654233932495","0.4661654233932495"
"867","2417","2417","2417","0.4266054928302765","0.4266054928302765","0.4266054928302765"
"881","2456","2456","2456","0.4526558816432953","0.4526558816432953","0.4526558816432953"
"895","2495","2495","2495","0.4275534451007843","0.4275534451007843","0.4275534451007843"
"909","2534","2534","2534","0.4516128897666931","0.4516128897666931","0.4516128897666931"
"923","2573","2573","2573","0.4396135210990906","0.4396135210990906","0.4396135210990906"
"937","2612","2612","2612","0.467980295419693","0.467980295419693","0.467980295419693"
"951","2651","2651","2651","0.446601927280426","0.446601927280426","0.446601927280426"
"965","2690","2690","2690","0.44607841968536377","0.44607841968536377","0.44607841968536377"
"979","2729","2729","2729","0.43879908323287964","0.43879908323287964","0.43879908323287964"
"993","2768","2768","2768","0.45098039507865906","0.45098039507865906","0.45098039507865906"
"1007","2807","2807","2807","0.43294116854667664","0.43294116854667664","0.43294116854667664"
"1021","2846","2846","2846","0.4650112986564636","0.4650112986564636","0.4650112986564636"
"1035","2885","2885","2885","0.4470588266849518","0.4470588266849518","0.4470588266849518"
"1049","2924","2924","2924","0.4615384638309479","0.4615384638309479","0.4615384638309479"
"1063","2963","2963","2963","0.46411484479904175","0.46411484479904175","0.46411484479904175"
"1077","3002","3002","3002","0.4600938856601715","0.4600938856601715","0.4600938856601715"
"1091","3041","3041","3041","0.49140048027038574","0.49140048027038574","0.49140048027038574"
"1105","3080","3080","3080","0.4663461446762085","0.4663461446762085","0.4663461446762085"
"1119","3119","3119","3119","0.4962025284767151","0.4962025284767151","0.4962025284767151"
"1133","3158","3158","3158","0.4265402853488922","0.4265402853488922","0.4265402853488922"
"1147","3197","3197","3197","0.47941887378692627","0.47941887378692627","0.47941887378692627"
"1161","3236","3236","3236","0.4832535982131958","0.4832535982131958","0.4832535982131958"
"1175","3275","3275","3275","0.4748201370239258","0.4748201370239258","0.4748201370239258"
"1189","3314","3314","3314","0.4938875436782837","0.4938875436782837","0.4938875436782837"
"1203","3353","3353","3353","0.4878048896789551","0.4878048896789551","0.4878048896789551"
"1217","3392","3392","3392","0.5012165307998657","0.5012165307998657","0.5012165307998657"
"1231","3431","3431","3431","0.510948896408081","0.510948896408081","0.510948896408081"
"1245","3470","3470","3470","0.49753695726394653","0.49753695726394653","0.49753695726394653"
"1259","3509","3509","3509","0.49394673109054565","0.49394673109054565","0.49394673109054565"
"1273","3548","3548","3548","0.4963855445384979","0.4963855445384979","0.4963855445384979"
"1287","3587","3587","3587","0.5012165307998657","0.5012165307998657","0.5012165307998657"
"1301","3626","3626","3626","0.47941887378692627","0.47941887378692627","0.47941887378692627"
"1315","3665","3665","3665","0.5","0.5","0.5"
"1329","3704","3704","3704","0.4868735074996948","0.4868735074996948","0.4868735074996948"
"1343","3743","3743","3743","0.4761904776096344","0.4761904776096344","0.4761904776096344"
"1357","3782","3782","3782","0.4768856465816498","0.4768856465816498","0.4768856465816498"
"1371","3821","3821","3821","0.4868735074996948","0.4868735074996948","0.4868735074996948"
"1385","3860","3860","3860","0.49275362491607666","0.49275362491607666","0.49275362491607666"
"1399","3899","3899","3899","0.48441246151924133","0.48441246151924133","0.48441246151924133"